filename,length,chroma_stft_mean,chroma_stft_var,rms_mean,rms_var,spectral_centroid_mean,spectral_centroid_var,spectral_bandwidth_mean,spectral_bandwidth_var,rolloff_mean,rolloff_var,zero_crossing_rate_mean,zero_crossing_rate_var,harmony_mean,harmony_var,perceptr_mean,perceptr_var,tempo,mfcc1_mean,mfcc1_var,mfcc2_mean,mfcc2_var,mfcc3_mean,mfcc3_var,mfcc4_mean,mfcc4_var,mfcc5_mean,mfcc5_var,mfcc6_mean,mfcc6_var,mfcc7_mean,mfcc7_var,mfcc8_mean,mfcc8_var,mfcc9_mean,mfcc9_var,mfcc10_mean,mfcc10_var,mfcc11_mean,mfcc11_var,mfcc12_mean,mfcc12_var,mfcc13_mean,mfcc13_var,mfcc14_mean,mfcc14_var,mfcc15_mean,mfcc15_var,mfcc16_mean,mfcc16_var,mfcc17_mean,mfcc17_var,mfcc18_mean,mfcc18_var,mfcc19_mean,mfcc19_var,mfcc20_mean,mfcc20_var
jazz.00010.wav,5.0,0.35149375,0.09330702,0.062639825,0.002026123,866.8224580284755,264504.9819576073,1085.9158616692798,105661.94101304526,1582.4412027994792,1082984.6511274162,0.03505226417824074,0.000550517554309306,0.03372547565241963,0.04554761664333155,-4.9469113,7838.1294,112.34714673913044,-322.27682,18716.633,159.18187,503.25864,-12.212833,3431.4563,44.03286,142.17827,33.775703,345.55606,18.976791,207.8125,-2.352476,117.480995,8.24059,68.78336,-9.903093,272.63626,0.2468273,79.52825,-0.015438645,47.630264,1.5141577,32.71782,-4.172945,48.370705,-1.6209918,22.398642,-2.9662075,30.103561,-5.5097876,23.228882,-4.3627586,23.91173,0.50930774,26.910763,2.799568,27.38279,-2.822562,25.703072
